{
  "Author": "Chavster",
  "Compatibility": "Compatible",
  "DefuserDifficulty": "Easy",
  "Description": "Solve a 2-Phase Module using A1Z26 and edgework! Tags: keypad, verdict, innocent, guilty, judge, 2 phase, numbers",
  "ExpertDifficulty": "Easy",
  "ModuleID": "Judgement.ron",
  "Name": "Judgement",
  "Origin": "Mods",
  "Published": "2025-01-16",
  "SortKey": "JUDGEMENT",
  "SourceUrl": "https://github.com/chavster/Judgement",
  "SteamID": "3408560978",
  "Symbol": "Ju",
  "Type": "Regular"
}